Name,Role,Company,Quote,Rating
Sarah Chen,VP of Engineering,Fortune 500 FinTech,"This certification was a pivotal moment in my career. The practical, scenario-based learning approach provided immediate value that I could apply to lead our enterprise transformation.",5
David Miller,Director of Product,Global E-Commerce,"Agile Visa doesn't just teach theory. Their faculty brings decades of real-world executive experience. We sent our entire leadership team through the ICP-ENT program.",5
Priya Sharma,Head of Agile Excellence,Tier-1 Bank,"The depth of the curriculum and the quality of the facilitation were unmatched. It completely reshaped how our portfolio management operates.",5
Michael O'Connor,Chief Technology Officer,Healthcare Tech,"An absolute masterclass in business agility. The ROI we've seen from our teams since completing the training has been phenomenal.",5
Elena Rostova,Enterprise Agile Coach,Global Consultancy,"I've taken many certifications, but the rigorous assessment and practical toolkit provided here set Agile Visa apart as the gold standard.",5
James Wilson,VP Product Management,Retail Enterprise,"The focus on outcome-driven metrics transformed our product delivery. Highly recommended for any senior leader.",5
Aisha Patel,Director of L&D,Logistics Corp,"A seamless, premium experience from start to finish. The trainer's ability to navigate complex organizational challenges was brilliant.",5
Robert Chang,Head of Engineering,SaaS Platform,"The strategic frameworks provided in the AI Micro-Credentials have given us a massive competitive advantage.",5
Linda Evans,Senior Scrum Master,Financial Services,"The facilitation techniques I learned here have completely changed how I run executive workshops.",5
Marcus Thorne,Chief Operating Officer,Manufacturing Hub,"Agile Visa is our trusted partner for building resilient, adaptive operating models.",5
Nadia Hassan,VP of Strategy,Telecom Group,"The systems coaching module was eye-opening. It gave me the tools to intervene effectively at the organizational level.",5
Thomas Wright,Director of Agile Delivery,Insurance Giant,"Exceptional training. It bridges the gap between agile theory and the realities of enterprise governance.",5
Sophie Lin,Head of Digital Transformation,Retail Banking,"A transformative experience that equipped me with the mindset to guide our organization through complex change.",5
William Davies,VP Engineering,Global Aviation,"The practical application of lean portfolio management concepts was exactly what our leadership team needed.",5
Catherine Moore,Enterprise Coach,Tech Consultancy,"The caliber of the instructors and the global network of peers you join make this investment incredibly worthwhile.",5
